{"0":{"explored":2,"speed":"8214.0","totalTime":0.00024348700000000002},"-1":{"explored":2,"speed":"5314.0","totalTime":0.000376361},"-2":{"explored":1,"speed":"9685.6","totalTime":0.00010324600000000001},"-3":{"explored":1,"speed":"7700.9","totalTime":0.000129855},"-4":{"explored":3,"speed":"13578.9","totalTime":0.00022093099999999998},"-5":{"explored":2,"speed":"12737.7","totalTime":0.000157014},"-6":{"explored":2,"speed":"13092.2","totalTime":0.00015276300000000001},"-7":{"explored":2,"speed":"12507.3","totalTime":0.00015990699999999999},"-8":{"explored":3,"speed":"24986.5","totalTime":0.00012006500000000001},"-9":{"explored":1,"speed":"8781.8","totalTime":0.000113872},"-10":{"explored":1,"speed":"8321.1","totalTime":0.00012017700000000001},"-11":{"explored":1,"speed":"9443.0","totalTime":0.00010589800000000001},"-12":{"explored":13,"speed":"44222.0","totalTime":0.00029397099999999997},"-13":{"explored":7,"speed":"25700.8","totalTime":0.000272365},"-14":{"explored":7,"speed":"21203.8","totalTime":0.000330129},"-15":{"explored":7,"speed":"31072.0","totalTime":0.000225283},"-16":{"explored":12,"speed":"11584.6","totalTime":0.001035855},"-17":{"explored":9,"speed":"28447.5","totalTime":0.000316372},"-18":{"explored":9,"speed":"27491.7","totalTime":0.000327371},"-19":{"explored":9,"speed":"30096.8","totalTime":0.000299035},"-20":{"explored":20,"speed":"13816.0","totalTime":0.001447601},"-21":{"explored":19,"speed":"34505.2","totalTime":0.000550641},"-22":{"explored":16,"speed":"31755.8","totalTime":0.0005038449999999999},"-23":{"explored":7,"speed":"20899.5","totalTime":0.00033493600000000003},"-24":{"explored":27,"speed":"42292.0","totalTime":0.0006384180000000001},"-25":{"explored":14,"speed":"9049.0","totalTime":0.001547131},"-26":{"explored":4,"speed":"11664.8","totalTime":0.00034291300000000003},"-27":{"explored":3,"speed":"9623.8","totalTime":0.000311728},"-28":{"explored":13,"speed":"29524.5","totalTime":0.000440313},"-29":{"explored":6,"speed":"15821.4","totalTime":0.000379234},"-30":{"explored":6,"speed":"16106.3","totalTime":0.000372524},"-31":{"explored":3,"speed":"9043.9","totalTime":0.000331716},"-32":{"explored":8,"speed":"22301.6","totalTime":0.000358718},"-33":{"explored":6,"speed":"16150.7","totalTime":0.0003715},"-34":{"explored":6,"speed":"15559.0","totalTime":0.000385628},"-35":{"explored":5,"speed":"15920.0","totalTime":0.00031407099999999997},"-36":{"explored":15,"speed":"26429.1","totalTime":0.000567556},"-37":{"explored":11,"speed":"26793.4","totalTime":0.000410549},"-38":{"explored":11,"speed":"20456.7","totalTime":0.00053772},"-39":{"explored":2,"speed":"8339.4","totalTime":0.00023982500000000002},"-40":{"explored":15,"speed":"47721.3","totalTime":0.000314325},"-41":{"explored":7,"speed":"20756.2","totalTime":0.000337249},"-42":{"explored":7,"speed":"23424.3","totalTime":0.000298835},"-43":{"explored":7,"speed":"22231.7","totalTime":0.00031486599999999996},"-44":{"explored":76,"speed":"53603.3","totalTime":0.0014178230000000001},"-45":{"explored":41,"speed":"43778.2","totalTime":0.00093654},"-46":{"explored":12,"speed":"11684.1","totalTime":0.00102704},"-47":{"explored":12,"speed":"12512.5","totalTime":0.000959041},"-48":{"explored":12,"speed":"11458.5","totalTime":0.0010472600000000002},"-49":{"explored":12,"speed":"12430.2","totalTime":0.000965394},"-50":{"explored":12,"speed":"12081.7","totalTime":0.000993239},"-51":{"explored":12,"speed":"18895.8","totalTime":0.000635061},"-52":{"explored":55,"speed":"14573.3","totalTime":0.0037740300000000003},"-53":{"explored":27,"speed":"23439.4","totalTime":0.001151906},"-54":{"explored":27,"speed":"25278.9","totalTime":0.001068084},"-55":{"explored":25,"speed":"26168.9","totalTime":0.0009553329999999999},"-56":{"explored":19,"speed":"14847.7","totalTime":0.001279656},"-57":{"explored":2,"speed":"2636.8","totalTime":0.000758489}}